Season,HomeTeam,AwayTeam,KickoffUTC,LoggedAtUTC,ModelVersion,P_H,P_D,P_A,B_H,B_D,B_A
E0_2627,Arsenal,Leeds,2026-10-10T11:30Z,2026-10-09T15:22Z,6a0a18d5b8,0.6488,0.1999,0.1513,0.6818,0.1909,0.1273
E0_2627,Aston Villa,Brentford,2026-10-10T14:00Z,2026-10-09T15:22Z,6a0a18d5b8,0.3621,0.2261,0.4118,0.3619,0.272,0.3661
E0_2627,Chelsea,Bournemouth,2026-10-10T14:00Z,2026-10-09T15:22Z,6a0a18d5b8,0.2919,0.2627,0.4454,0.5722,0.218,0.2098
E0_2627,Ipswich,Fulham,2026-10-10T14:00Z,2026-10-09T15:22Z,6a0a18d5b8,0.2466,0.2669,0.4865,0.3397,0.2798,0.3805
E0_2627,Sunderland,Brighton,2026-10-10T14:00Z,2026-10-09T15:22Z,6a0a18d5b8,0.3295,0.2241,0.4464,0.3064,0.2714,0.4222
E0_2627,Man United,Tottenham,2026-10-10T16:30Z,2026-10-09T15:22Z,6a0a18d5b8,0.6459,0.2024,0.1517,0.561,0.2271,0.2119
E0_2627,Crystal Palace,Nott'm Forest,2026-10-11T13:00Z,2026-10-09T15:22Z,6a0a18d5b8,0.3101,0.2626,0.4273,0.3516,0.2967,0.3516
E0_2627,Hull,Everton,2026-10-11T13:00Z,2026-10-09T15:22Z,6a0a18d5b8,0.3564,0.2635,0.3801,0.2569,0.2795,0.4636
E0_2627,Liverpool,Man City,2026-10-11T15:30Z,2026-10-09T15:22Z,6a0a18d5b8,0.3568,0.2228,0.4204,0.3506,0.263,0.3864
E0_2627,Coventry,Newcastle,2026-10-12T19:00Z,2026-10-09T15:22Z,6a0a18d5b8,0.3405,0.2244,0.4351,0.2887,0.2575,0.4537
